Workbook

Sheet Sheet1
A1: Sr. No. | B1: Name | C1: Gender | D1: Marks in English | E1: Marks in Maths | F1: Marks in Science | G1: Marks in CS | H1: Total | I1: Percentage | J1: Result | K1: GRADE | L1: RANK
A2: 1 | B2: Aman | C2: M | D2: 88 | E2: 99 | F2: 79 | G2: 94 | H2: =SUM(D2:G2) -> 360 | I2: =AVERAGE(D1:E2:F2) -> 88.666667 | J2: =IF(AND(D2>=50,E2>=50,F2>=50,G2>=50),"PASS","FAIL") -> PASS | K2: =IF(J2="FAIL", "", (IF( I2>90, "A+", IF(I2>80, "A", IF(I2>70, "B+", IF(I2>60, "B", "C+")))))) -> A | L2: =IF(J2="FAIL", "", RANK(I2, $I$2:$I$21, 0)) -> 2
A3: 2 | B3: Sheela | C3: F | D3: 87 | E3: 78 | F3: 91 | G3: 98 | H3: =SUM(D3:G3) -> 354 | I3: =AVERAGE(D2:E3:F3) -> 87 | J3: =IF(AND(D3>=50,E3>=50,F3>=50,G3>=50),"PASS","FAIL") -> PASS | K3: =IF(J3="FAIL", "", (IF( I3>90, "A+", IF(I3>80, "A", IF(I3>70, "B+", IF(I3>60, "B", "C+")))))) -> A | L3: =IF(J3="FAIL", "", RANK(I3, $I$2:$I$21, 0)) -> 4
A4: 3 | B4: Nirmala | C4: F | D4: 78 | E4: 92 | F4: 87 | G4: 77 | H4: =SUM(D4:G4) -> 334 | I4: =AVERAGE(D3:E4:F4) -> 85.5 | J4: =IF(AND(D4>=50,E4>=50,F4>=50,G4>=50),"PASS","FAIL") -> PASS | K4: =IF(J4="FAIL", "", (IF( I4>90, "A+", IF(I4>80, "A", IF(I4>70, "B+", IF(I4>60, "B", "C+")))))) -> A | L4: =IF(J4="FAIL", "", RANK(I4, $I$2:$I$21, 0)) -> 6
A5: 4 | B5: Shrijit | C5: M | D5: 98 | E5: 99 | F5: 89 | G5: 76 | H5: =SUM(D5:G5) -> 362 | I5: =AVERAGE(D4:E5:F5) -> 90.5 | J5: =IF(AND(D5>=50,E5>=50,F5>=50,G5>=50),"PASS","FAIL") -> PASS | K5: =IF(J5="FAIL", "", (IF( I5>90, "A+", IF(I5>80, "A", IF(I5>70, "B+", IF(I5>60, "B", "C+")))))) -> A+ | L5: =IF(J5="FAIL", "", RANK(I5, $I$2:$I$21, 0)) -> 1
A6: 5 | B6: Ayaan | C6: M | D6: 89 | E6: 78 | F6: 78 | G6: 67 | H6: =SUM(D6:G6) -> 312 | I6: =AVERAGE(D5:E6:F6) -> 88.5 | J6: =IF(AND(D6>=50,E6>=50,F6>=50,G6>=50),"PASS","FAIL") -> PASS | K6: =IF(J6="FAIL", "", (IF( I6>90, "A+", IF(I6>80, "A", IF(I6>70, "B+", IF(I6>60, "B", "C+")))))) -> A | L6: =IF(J6="FAIL", "", RANK(I6, $I$2:$I$21, 0)) -> 3
A7: 6 | B7: Shaurya | C7: M | D7: 78 | E7: 76 | F7: 88 | G7: 88 | H7: =SUM(D7:G7) -> 330 | I7: =AVERAGE(D6:E7:F7) -> 81.166667 | J7: =IF(AND(D7>=50,E7>=50,F7>=50,G7>=50),"PASS","FAIL") -> PASS | K7: =IF(J7="FAIL", "", (IF( I7>90, "A+", IF(I7>80, "A", IF(I7>70, "B+", IF(I7>60, "B", "C+")))))) -> A | L7: =IF(J7="FAIL", "", RANK(I7, $I$2:$I$21, 0)) -> 12
A8: 7 | B8: Soumya | C8: F | D8: 27 | E8: 75 | F8: 87 | G8: 98 | H8: =SUM(D8:G8) -> 287 | I8: =AVERAGE(D7:E8:F8) -> 71.833333 | J8: =IF(AND(D8>=50,E8>=50,F8>=50,G8>=50),"PASS","FAIL") -> FAIL | K8: =IF(J8="FAIL", "", (IF( I8>90, "A+", IF(I8>80, "A", IF(I8>70, "B+", IF(I8>60, "B", "C+")))))) | L8: =IF(J8="FAIL", "", RANK(I8, $I$2:$I$21, 0))
A9: 8 | B9: Atharva | C9: M | D9: 97 | E9: 89 | F9: 85 | G9: 45 | H9: =SUM(D9:G9) -> 316 | I9: =AVERAGE(D8:E9:F9) -> 76.666667 | J9: =IF(AND(D9>=50,E9>=50,F9>=50,G9>=50),"PASS","FAIL") -> FAIL | K9: =IF(J9="FAIL", "", (IF( I9>90, "A+", IF(I9>80, "A", IF(I9>70, "B+", IF(I9>60, "B", "C+")))))) | L9: =IF(J9="FAIL", "", RANK(I9, $I$2:$I$21, 0))
A10: 9 | B10: Shree | C10: M | D10: 78 | E10: 76 | F10: 78 | G10: 36 | H10: =SUM(D10:G10) -> 268 | I10: =AVERAGE(D9:E10:F10) -> 83.833333 | J10: =IF(AND(D10>=50,E10>=50,F10>=50,G10>=50),"PASS","FAIL") -> FAIL | K10: =IF(J10="FAIL", "", (IF( I10>90, "A+", IF(I10>80, "A", IF(I10>70, "B+", IF(I10>60, "B", "C+")))))) | L10: =IF(J10="FAIL", "", RANK(I10, $I$2:$I$21, 0))
A11: 10 | B11: Om | C11: M | D11: 76 | E11: 88 | F11: 95 | G11: 76 | H11: =SUM(D11:G11) -> 335 | I11: =AVERAGE(D10:E11:F11) -> 81.833333 | J11: =IF(AND(D11>=50,E11>=50,F11>=50,G11>=50),"PASS","FAIL") -> PASS | K11: =IF(J11="FAIL", "", (IF( I11>90, "A+", IF(I11>80, "A", IF(I11>70, "B+", IF(I11>60, "B", "C+")))))) -> A | L11: =IF(J11="FAIL", "", RANK(I11, $I$2:$I$21, 0)) -> 11
A12: 11 | B12: Yuvraj | C12: M | D12: 88 | E12: 97 | F12: 64 | G12: 56 | H12: =SUM(D12:G12) -> 305 | I12: =AVERAGE(D11:E12:F12) -> 84.666667 | J12: =IF(AND(D12>=50,E12>=50,F12>=50,G12>=50),"PASS","FAIL") -> PASS | K12: =IF(J12="FAIL", "", (IF( I12>90, "A+", IF(I12>80, "A", IF(I12>70, "B+", IF(I12>60, "B", "C+")))))) -> A | L12: =IF(J12="FAIL", "", RANK(I12, $I$2:$I$21, 0)) -> 7
A13: 12 | B13: Yash | C13: M | D13: 99 | E13: 82 | F13: 77 | G13: 87 | H13: =SUM(D13:G13) -> 345 | I13: =AVERAGE(D12:E13:F13) -> 84.5 | J13: =IF(AND(D13>=50,E13>=50,F13>=50,G13>=50),"PASS","FAIL") -> PASS | K13: =IF(J13="FAIL", "", (IF( I13>90, "A+", IF(I13>80, "A", IF(I13>70, "B+", IF(I13>60, "B", "C+")))))) -> A | L13: =IF(J13="FAIL", "", RANK(I13, $I$2:$I$21, 0)) -> 8
... A21: 20 | B21: Avika | C21: F | D21: 83 | E21: 67 | F21: 90 | G21: 97 | H21: =SUM(D21:G21) -> 337 | I21: =AVERAGE(D20:E21:F21) -> 75.333333 | J21: =IF(AND(D21>=50,E21>=50,F21>=50,G21>=50),"PASS","FAIL") -> PASS | K21: =IF(J21="FAIL", "", (IF( I21>90, "A+", IF(I21>80, "A", IF(I21>70, "B+", IF(I21>60, "B", "C+")))))) -> B+ | L21: =IF(J21="FAIL", "", RANK(I21, $I$2:$I$21, 0)) -> 15

Sheet Sheet2
A1: Sr. No. | B1: Name | C1: Total Marks | D1: Result
A2: 1 | B2: =VLOOKUP(A2, Sheet1!A2:L21,2,FALSE) -> Aman | C2: =VLOOKUP(A2, Sheet1!A2:L21,8,FALSE) -> 360 | D2: =VLOOKUP(A2, Sheet1!A2:L21,10,FALSE) -> PASS
A3: 2 | B3: =VLOOKUP(A3, Sheet1!A3:L22,2,FALSE) -> Sheela | C3: =VLOOKUP(A3, Sheet1!A3:L22,8,FALSE) -> 354 | D3: =VLOOKUP(A3, Sheet1!A3:L22,10,FALSE) -> PASS
A4: 3 | B4: =VLOOKUP(A4, Sheet1!A4:L23,2,FALSE) -> Nirmala | C4: =VLOOKUP(A4, Sheet1!A4:L23,8,FALSE) -> 334 | D4: =VLOOKUP(A4, Sheet1!A4:L23,10,FALSE) -> PASS
A5: 4 | B5: =VLOOKUP(A5, Sheet1!A5:L24,2,FALSE) -> Shrijit | C5: =VLOOKUP(A5, Sheet1!A5:L24,8,FALSE) -> 362 | D5: =VLOOKUP(A5, Sheet1!A5:L24,10,FALSE) -> PASS
A6: 5 | B6: =VLOOKUP(A6, Sheet1!A6:L25,2,FALSE) -> Ayaan | C6: =VLOOKUP(A6, Sheet1!A6:L25,8,FALSE) -> 312 | D6: =VLOOKUP(A6, Sheet1!A6:L25,10,FALSE) -> PASS
A7: 6 | B7: =VLOOKUP(A7, Sheet1!A7:L26,2,FALSE) -> Shaurya | C7: =VLOOKUP(A7, Sheet1!A7:L26,8,FALSE) -> 330 | D7: =VLOOKUP(A7, Sheet1!A7:L26,10,FALSE) -> PASS
A8: 7 | B8: =VLOOKUP(A8, Sheet1!A8:L27,2,FALSE) -> Soumya | C8: =VLOOKUP(A8, Sheet1!A8:L27,8,FALSE) -> 287 | D8: =VLOOKUP(A8, Sheet1!A8:L27,10,FALSE) -> FAIL
A9: 8 | B9: =VLOOKUP(A9, Sheet1!A9:L28,2,FALSE) -> Atharva | C9: =VLOOKUP(A9, Sheet1!A9:L28,8,FALSE) -> 316 | D9: =VLOOKUP(A9, Sheet1!A9:L28,10,FALSE) -> FAIL
A10: 9 | B10: =VLOOKUP(A10, Sheet1!A10:L29,2,FALSE) -> Shree | C10: =VLOOKUP(A10, Sheet1!A10:L29,8,FALSE) -> 268 | D10: =VLOOKUP(A10, Sheet1!A10:L29,10,FALSE) -> FAIL
A11: 10 | B11: =VLOOKUP(A11, Sheet1!A11:L30,2,FALSE) -> Om | C11: =VLOOKUP(A11, Sheet1!A11:L30,8,FALSE) -> 335 | D11: =VLOOKUP(A11, Sheet1!A11:L30,10,FALSE) -> PASS
A12: 11 | B12: =VLOOKUP(A12, Sheet1!A12:L31,2,FALSE) -> Yuvraj | C12: =VLOOKUP(A12, Sheet1!A12:L31,8,FALSE) -> 305 | D12: =VLOOKUP(A12, Sheet1!A12:L31,10,FALSE) -> PASS
A13: 12 | B13: =VLOOKUP(A13, Sheet1!A13:L32,2,FALSE) -> Yash | C13: =VLOOKUP(A13, Sheet1!A13:L32,8,FALSE) -> 345 | D13: =VLOOKUP(A13, Sheet1!A13:L32,10,FALSE) -> PASS
... A21: 20 | B21: =VLOOKUP(A21, Sheet1!A21:L40,2,FALSE) -> Avika | C21: =VLOOKUP(A21, Sheet1!A21:L40,8,FALSE) -> 337 | D21: =VLOOKUP(A21, Sheet1!A21:L40,10,FALSE) -> PASS
